id;nombre;apellido;direccion;correo;telefono
1;Futuro virtual Puerta;whether;OCR;Mobilidad payment;nihil
2;24/7 estrategia;Tricycle;stun;female Gerente index;Contabilidad redundant
3;Blanco Savings;Strontium;hard Funk;utilize;enterprise
4;Electric;ROI below female;Tesla;Bicycle;Pickup feed Bedfordshire
5;haptic;Leu;algoritmo;SSL Northeast butter;ampere Vasco B2C
6;Point;schemas enable Canarias;Genérico;application;UTF8 Madera Organizado
7;Metal HEX;Tesla Bicycle recontextualize;Copernicium only Ruthenium;Diesel lively;Account bandwidth
8;female Bentley;Cab Metal;male Métricas ejecutiva;Configuración;Thorium Pelota trabajo
9;Money Acero;ampere Fantástico if;Etiopía Ngultrum IB;Northeast;enable Cuentas
10;selfishly Verde;bidireccional;Southwest;cartridge Arquitecto person;División de Azul
