id;nombre_evento;fecha_hora;responsable;capacidad;participantes
1;JSON cement varnish;2023-07-17T13:42:07;HEX payment Cobalt;81969;24842
2;Verde;2023-07-17T07:34:55;Calleja;87840;79055
3;Joyer√≠a Northwest;2023-07-18T03:32:39;Pop;85786;84286
4;wireless apud;2023-07-18T02:56:06;port mobile;67244;78844
5;producer;2023-07-17T19:44:30;Rojo;94410;21899
6;Supervisor Dinamarca;2023-07-17T08:59:45;Metal Gris but;47454;60555
7;Adelante;2023-07-17T11:27:11;deposit Bay;17639;44775
8;infomediaries Planificador Amarillo;2023-07-17T22:36:05;as;15184;91138
9;Hormigon;2023-07-17T23:52:19;stepmother;1731;45064
10;Northeast Programa;2023-07-17T07:20:26;male;50164;41870
