id;cantidad_paga;fecha_pago;metodo_pgo
1;98121;2023-07-17T19:49:55;connecting
2;32913;2023-07-17T04:23:42;transmitting
3;57159;2023-07-18T01:17:06;SAS incubate
4;27048;2023-07-17T12:00:47;initiatives synthesizing distinctio
5;7743;2023-07-17T12:50:44;mediante Amarillo Reggae
6;15608;2023-07-18T01:04:16;Asociado
7;90396;2023-07-17T04:02:42;reinvent
8;64544;2023-07-17T23:31:24;Adelante North while
9;67749;2023-07-17T08:42:22;Corporativo Meitnerium
10;32748;2023-07-17T16:50:35;male Northeast spiffy
